name,slug
815 Stateline WC,
???,
A & M Youth Wrestling,
A-J Jr. Wildcat Wrestling,
A-J Jr. Wildcats,
A-J Junior Wildcats,
A-O Kids WC,
ADAMS JR COUGARS,
ADAMS JR. HIGH,
ADDAMS JH WC,
ADDISON ANIMALS,
ADDISON ANIMALS (2),
ADDISON/INDIAN TRAIL,
AJ Jr. Wildcats,
AJ Jr. Wildcats WC,
AJ Junior Wildcats WC,
AJ Junior Wildcats Wrestling Club,
ALEDO BEAR COUNTRY,
ALLEMAN JR PIONEERS,
ALLEMAN JR. PIONEER WC,
ALLEMAN JR. PIONEERS,
ARGENTA ORENA,
AURORA J HAWKS,
Academy Grapplers,
Aces WC,
Aces Wrestling,
Aces Wrestling Club,
Addams Jr. High,
Addams Jr. High School WC,
Addison,
Addison Indian Tr,
Addison Indian Trail,
Addison Street WC,
Alber Athletics Wrestling Club,alber-athletics
Aledo Bear Country W,
Aledo Bear Country WC,
Alleman Jr Pioneer WC,
Alton Little Redbird WC,
Alton Little Redbirds WC,
Animal WC,
Animals WC,
Ano Kato Fs.Gr.,
Antioch,
Antioch Predators WC,
Antioch Upper Grade,
Antioch Upper Grade School,
Apex Stallions,
Arbor Park,
Argenta Oreana,
Argenta-Oreana Kids Club,
Argenta-Oreana Kids WC,
Argenta/Oreana Kids Club,
Argenta/Oreana WC,
Arling. Cardinals,
Arlington Cardinals,
Arlington Cardinals WC,
Arlington Cardinals Wrestling Club,
Arlington Cardnals,
Arlington Hghts. W.C.,
Arlington Hgts WC,
Assumption Elite WC,
Astro WC,
Astro Wrestling Club,
Attwarhawks Wrestling Club,
Aurora Franklin,
Aurora J-Hawks,
Aurora Simmons,
Aurora Tomcats,
Aurora WC,
BARTLETT JR. HAWKS,
BELEVILLE DEVIL,
BELLEVILLE LIL' DEVILS,
BELVIDERE,
BETHALTO JH BULLS,
BISMARCK-HENNING,
BISMARK-HENNING,
BLACKHAWK II,
BLUE CREW,
BOYS CLUB FREEPORT,
BRADLEY BOUR,
BRADLEY BOURBONAIS,
BRADLEY BOURBONNAIS,
BRAWLERS WC (2),
BRONCO,
BURBANK PANTERS,
Backyard Brawlers Midwest,
Backyard Brawlers North Wrestling,
Backyard Brawlers West Wrestling,
Bad Bass Wrestling,
Badger WC,
Badger Wc/B.E.T.A.,
Badger Wrestling Club,
Badgers WC,
Barrington,
Barrington Broncos,
Barrington Broncos WC,
Barrington Broncos Wrestling Club,
Barrington Broncs,
Barrington Colts,
Bartlett Hawk WC,
Bartlett Jr Hawks,
Bartonville Blue Crew,
Batavia,
Batavia Pinners,
Batavia W.C.,
Batavia WC,
Batavia Wrestling Club,
Bear Country WC,
Beat The Streets Chicago-Avondale,
Beat The Streets Chicago-Bellwood,
Beat The Streets Chicago-Hyde Park,
Beat The Streets Chicago-Midway,
Beat The Streets Chicago-Oak Park,
Beat The Streets Chicago-Tri Taylor,
Beat The Streets-Chicago,
Belhalto,
Bell. Lil' Devils,
Belleville,
Belleville Devils,
Belleville Junior Hit Squad,
Belleville L'I Devils,
Belleville L'L Devils,
Belleville L.D.,
Belleville Little De,
Belleville Little Devils,
Belleville Little Devils WC,
Belleville Little Devils Wrestling Club,
Belv. YMCA Bandits,
Belvidere Bandits,
Belvidere Bandits WC,
Belvidere Bandits Wrestling Club,
Belvidere Bandits YMCA,
Belvidere Bandits YMCA WC,
Belvidere WC,
Belvidere Ymca Bandits,
Bensenville,
Bensenville Bulldogs,
Benton Jr WC,
Benton Jr. WC,
Benton WC,
Berta Wrestling Academy,
Bethalto,
Bethalto Boys Club,
Bethalto Boys Club Bulls,
Bethalto Bulls,
Bethalto Bulls WC,
Bethalto J.H.,
Bethalto Jr High,
Bethalto Jr. High,
Bismarck Henning,
Bismarck Henning WC,
Bismarck Henning Wrestling Club,
Bismarck-Henning WC,
Bismarck-Henning Wrestling,
Bismarck-Henning Wrestling Club,
Bismarck-Henning Youth WC,
Bismark-Henning WC,
Bison WC,
Bison WC B,
Black Kats WC,
Blackhawk,
Blackhawk WC,
Blackhawk Wrestling Club,
Blazer Kids,
Bloomingdale Bears WC,
Bloomington Jhs,
Bloomington Raider WC,
Bloomington Raiders WC,
Blue Crew WC,
Blue Line Training Academy,
Bolingbrook Junior Raiders,
Bolingbrook Junior Raiders WC,
Bolingbrook Ward,
Boys & Girls Club,
Boys & Girls Club Of Pekin,
Boys Club Of Pekin,
Bradley Bourbonnais W.C.,
Bradley Bourbonnais WC,
Bradley Bourbonnais Wrestling Club,
Bradley-Bour. WC,
Bradley-Bourbonnais,
Bradley-Bourbonnais WC,
Bradly Bourb.,
Brawlers,
Brawlers WC,
Brawlers Wrestling Club,
Broadview Park District,
Bronco WC,
Bronco Wrestling,
Brownson WC,
Bts Chicago-Avondale,
Bts Chicago-Midway,
Bts Chicago-Oak Park,
Bts Chicago-Roseland,
Bts Chicago-Tri Taylor,
Built By Brunson Wrestling,
Bulldog Elite WC,
Bulldog WC,
Bulldog Youth Sports Wrestling,
Bulls WC,
Bulls Wrestling Club,
Bur-Oak Wildcats WC,
Burbank,
Burbank Panthers,
Burbank Titans,
CENTRAILIA,
CENTRAL,
CHAMPAIGN CHARGER KD,
CHARGER KIDS,
CHARLESTON,
CHARLESTON WC (2),
CHILLI DAWGS,
CORKERY COUGARS,
CRESTWOOD,
CRYSTAL LAKE WIRZARD,
Cahokia WC,
Cal. Mem. Pk. Dist. Wolv.,
Callan Wrestling Academy,
Calumet City,
Calumet M.P.D. Wolverines,
Calumet Mem. P.D. Wolverines,
Calumet Memorial P.D. Wolverines,
Calumet Memorial Pd,
Calumet Memorial Pd Wolverines,
Calumet Mpd Wolverines,
Camp Point Central,
Camp Point Central Youth Wrestling,
Camp Point Youth Wrestling,
Caravan Kids WC,
Caravan Kids Wrestling Club,
Carbondale,
Carbondale Junior Spirits,
Carbondale PD,
Carbondale Park Dist,
Carbondale Park Dist.,
Carbondale WC,
Carbondale Wrestling Club,
Cardinal W.C.,
Cardinals WC,
Carlinville Kids WC,
Carlinville WC,
Carlinville Wrestling Club,
Carlyle WC,
Carmi Bulldog WC,
Carol Stream,
Carol Stream PD,
Carol Stream Park Dist,
Carterville Jr WC,
Carthage WC,
Cary Jr Trojan Matme,
Cary Jr Trojan Matmen,
Cary Jr. Trojan Matmen,
Cary Matmen,
Cary Matmen WC,
Cary-Grove Matmen,
Cary-Grove Matmen WC,
Catlin W.C.,
Catlin WC,
Catlin Youth WC,
Celtic Elite,
Celtic Wrestling Academy,
Celtics WC,
Central Elite Rebels,
Central Illinois Academy Of Wrestling,
Central Illinois Bulldogs WC,
Central Illinois Wrestling Academy,
Central WC,
Central Wrestling Club,
Centralia,
Centralia WC,
Centralia Youth Wrestling,
Champaign,
Champaign Charger Ki,
Champaign Chargers,
Champaign Kids WC,
Champaign Kids Wrestling,
Champaign WC,
Champaign Wrestling Club,
Champbuilders,
Champbuilders WC,
Champbuilders Wrestling,
Champions WC,
Charger WC,
Chargers WC,
Charleston WC,
Charleston Wrestling Club,
Chatham WC,
Chenoa Mat Cats,
Chenoa WC,
Chicago Bulldog WC,
Chicago Crusaders,
Chicago Crusaders WC,
Chicago Knights,
Chicago Park District,
Chicago Ridge,
Chicago Ridge P.D.,
Chicago Ridge PD,
Chicago Wolves Den,
Chicago Wolves Den WC,
Chilli Dawgs WC,
Chillicothe W,
Chillicothe WC,
Chillicothe Wrestling,
Cicc,
Cicero Bobcats,
Clinton Rosette MS,
Clinton WC,
Clinton Wrestling Club,
Clipper,
Clipper WC,
Club Attack,
Coal City Kids WC,
Cogs WC,
Collinsville Raider WC,
Collinsville Raiders,
Collinsville WC,
Colts W.C.,
Colts WC,
Combative Sports Athletic Center,
Combative Sports Athletic Center Wrestling,
Contender Wrestling,
Cooper's Cougars,
Cornerstone Wrestling,
Cortese WC,
Cory Clark Wrestling,
Cps,
Crawford County WC,
Crestwood Colts,
Crestwood Colts WC,
Crimson Heat WC,
Cross Town WC,
Crossface,
Crossface WC,
Crossface Wrestling,
Crosstown Crushers,
Crosstown Spartan Elite WC,
Crosstown WC,
Crosstown Wrestling,
Crusaders,
Crusaders W.C.,
Crusaders WC,
Crusaders` Elite,
Crystal Lake,
Crystal Lake Wizards,
Crystal Lake Wizards WC,
Crystal Lk. Wizards,
Cumberland WC,
Cumberland Youth WC,
Cumberland Youth Wrestling Club,
DAKOTA,
DAKOTA WC,
DANVILE,
DANVILLE,
DOWNERS GROVE,
DUNDEE CARPETERVILL,
DUNDEE WESTFIELD,
Da WC,
Dakota Wrestling Club,dakota
Danville Boys Club,
Danville Broncos Youth WC,
Danville Chargers,
Danville Chargers WC,
Danville Chargers Wrestling,
Danville WC,
Danville YMCA WC,
Danville Youth,
Danville Youth WC,
Dawc,
Dawgs WC,
Dawgs Wrestling Club,
Dc WC,
DeKALB-HUNTLEY,
Decatur,
Decatur Dawgs WC,
Decatur Lakers WC,
Decatur WC,
Decatur YMCA,
Deerfield,
Deerpath W.C.,
Deerpath WC,
Dekalb Huntley,
Dekalb Rosette,
Dekalb WC,
Demolition WC,
Des Plaines Apollo,
Des Plaines Gemini,
Des Plaines Park,
Dinamo Wrestling,
Dixon WC,
Dixon Wrestling Club,
Dolton,
Dolton Falcons,
Dolton P. Fal.,
Dolton Park,
Dolton Park Falcon,
Dolton Park Falcons,
Dolton Park Jr. Falcons,
Doom Wrestling,
Downers Grove Cougars,
Downers Grove Cougars WC,
Downers Grove P.D. Cougars,
Downers Grove PD Cougars,
Downers Grove WC,
Dragons Lair WC,
Driscoll Junior Highlanders,
Du-Pec Carnivores,
Du-Pec WC,
Dubtown WC,
Dundee Highlande,
Dundee Highlanders,
Dundee Highlanders WC,
Dungeon WC,
Dupage Tiger Wrestling Club,
Dupage WC,
Dupage Wrestling Club,
Durand WC,
Durand-Pecatonica,
Durand-Pecatonica Carnivores,
Dwight WC,
E/P Junior Panthers,
EAGLE,
EDISON MIDDLE SCH,
EFFINGHAM JUNIOR WC,
EISENHOWER JH,
EISENHOWER JR. HAWK,
EL PASO,
ELGIN,
ERIE MIDDLE SCHOOL,
ERIE MIDDLE SCHOOL W (2),
Eagle One,
Eagle WC,
East Alton Wood River Jr. Oilers,
East Moline,
East Moline Panther,
East Moline Panther Pinners,
East Moline W.C.,
East Moline WC,
East Peoria Crossface WC,
East Peoria River Bandits Wrestling,
East St. Louis WC,
East St. Louis Wrestling,
Edison Panthers,
Edison Panthers WC,
Edwardsville,
Edwardsville W.C.,
Edwardsville WC,
Edwardsville Wrestling Club,
Effingham Junior Wrestling Team,
Effingham Youth WC,
Eisenhower,
Eisenhower Jhs,
Eisenhower Jr. High,
Eisenhower Jr. High WC,
El Paso Gridley Youth WC,
El Paso Gridley Youth Wrestlng Club,
El Paso WC,
El Paso/Gridley WC,
Elevate Wrestling Academy,
Elgin Grapplers,
Elgin Matt Rats,
Elgin Matt Rats WC,
Elgin Mighty Maroons,
Elgin W.C.,
Elgin WC,
Elk Grove Junior Grens,
Elk Grove Junior Grens WC,
Elmhurst,
Elmhurst Jr Dukes,
Elmhurst Jr Dukes WC,
Elmhurst Jr. Dukes,
Elmhurst Titans Wrestling Academy,
Elmhurst WC,
Elmhusrt Jr. Dukes,
Englewood Live Wire WC,
Epic Wrestling,
Erie Middle School W,
Erie Middle School WC,
Ervin WC,
Eureka Kids WC,
Eureka WC,
Evanston Black Kat WC,
Evanston School Of Wrestling,
Evolution Wrestling Institute,
FAW,
FIGHTIN' TITANS,
FISHER,
FOX VALLEY CRONE WC,
FROST/BAD BOYZ,
FULTON,
Fairmont Rough Riders,
Falcon Elite WC,
Falcon WC,
Falcon Wrestling Club,
Falcon Youth WC,
Falcon Youth Wrestling,
Falcons Elite,
Falcons Elite Wrestling Club,
Falcons WC,
Fbg,
Fenton Bison WC,
Fenton Jr. Bison,
Fenton Jr. Bison WC,
Fenton/Bbaa Jr Bison WC,
Fenwick Falcons WC,
Fightin Titan WC,
Fighting Farmers WC,
Fighting Titan,
Fighting Titans,
Fischer,
Fisher WC,
Fit & Fight Gym WC,
Fitz Wrestling Academy,
Force Elite,
Force Elite WC,
Force WC,
Force Wrestling,
Force Wrestling Club,
Ford Heights Falcons,
Foreman,
Foreman Booster,
Foreman WC,
Forman,
Forman W.C.,
Forman WC,
Fox Lake WC,
Fox Lake Wresting Club,
Fox Lake Wrestling Club,
Fox Valley Wrestling Club,fox-valley
Fran. Pk. Raider,
Frankfort,
Frankfort Falcons,
Frankfort Gladiator Wrestling,
Frankfort Square Wildcats Wrestling,
Frankfort Wildcats Wrestling,
Franklin Park,
Franklin Park Raider,
Franklin Park Raiders,
Franklin Raid.,
Friar Wrestling Club,
Fuel WC,
Fulton County Stingers,
G2 WC,
GALESBURG JR STREAKS (2),
GALESBURG JR STRK 2,
GC JR. WARRIORS,
GCWC COOLIDGE,
GCWC GRIGSBY,
GEMINI JR. HIGH,
GEORGETOWN RUDE DOGS YOUTH WC,
GEORGETOWN YOUTH WC,
GERMANTOWN WC,
GETOWN,
GLENBARD EST JR RAMS,
GLENDALE,
GLENDALE GRAPPLERS,
GORDON TECH RAMS,
GRANITE CITY GRIGSBY,
GRANITE CITY JR. WARRIORS,
GRAPPLIN' DEVILS,
GRAPPLIN' DEVILS WRESTLING CLUB,
GRAPPLIN'DEVILS WC,
Galesburg Jr Streaks,
Galesburg Jr. Streaks,
Gators Elite WC,
Gators WC,
Gc Jr Warriors,
Generals,
Generals W.C.,
Generals WC,
Geneseo,
Geneseo Spider WC,
Geneseo Spider Wrestling Club,
Geneseo WC,
Geneva Junior Vikings,
Geneva Park Dist,
Geneva Vikings,
Geneva WC,
Genoa-Kingston WC,
Georgetown,
Georgetown WC,
Gibson City,
Gibson City Youth,
Gibson City Youth Wrest.,
Gibson City Youth Wrestling,
Gilbert Grappling,
Gillespie Eagles,
Gladiator Elite,
Gladiator Elite WC,
Gladiators,
Gladiators WC,
Glen Ellyn Dungeon W,
Glen Ellyn Dungeon WC,
Glenbard East Jr Ram,
Glenbard East Jr Rams,
Glenbard East Jr Rams WC,
Glenbard East Jr Rams Wrestling Club,
Glenbard East Jr. Rams,
Glencrest,
Glenwood,
Gmo Eagles Kids Wrestling,
Golden Eagles,
Golden Eagles WC,
Golden Eagles Wrestling Club,
Gomez Wrestling Acad.,
Gomez Wrestling Academy,
Gomez Wrestling Rtc,
Gordon Tech Rams WC Chicago,
Gower,
Granite City,
Granite City Cool,
Granite City Coolidge,
Granite City Coulidge,
Granite City Jr Warriors,
Granite City WC,
Granite City WC Coolidge,
Granite City WC Grigsby,
Granite City Wrestling Association,
Granite City-Coolidge,
Granite City-Grigsby,
Grapplin Devils WC,
Grapplin' Devils WC,
Grapplin` Devils WC,
Grayslake WC,
Grayslake Wrestling Club,
Grayslake Youth WC,
Greenwood-Tumoro WC,
Greg Gomez Trained Wrestling,
Grove,
Guerrero`S Garage Wrestling,
H.P. Little Giant WC,
HARLEM SCHOOL DIST 122,
HARLEM SD. 122,
HARVEY PARK TWISTERS,
HAWKEYES,
HICKORY HILLS PK. DIST,
HIGHLAND PK LITTLE GIANTS,
HINSDALE RED DEVIL W,
HP Little Giant WC,
Hamilton,
Hampshire WC,
Harlem,
Harlem Boys Club,
Harlem Boys Club Cougar,
Harlem Cougar WC,
Harlem Cougars,
Harlem Cougars WC,
Harlem Huskies WC,
Harlem Park Boys Club,
Harlem Renegades,
Harlem Sch. Dist,
Harlem Sch. Dist.,
Harlem Sch. Dist. 122,
Harlem School Dist. 122,
Harlem School District,
Harlem Wrestling Club,
Harlem-Franklin Boys Club,
Harlem-Park Boys Club,
Harrisburg Jr. Bulldogs,
Harrisburg Junior Bulldogs,
Harvard,
Harvard W.C.,
Harvard WC,
Harvard Wrestling Club,harvard
Harvey,
Harvey P.D. Twisters,
Harvey Pd Twisters,
Harvey Twisters,twisters
Harvey Twisters,
Hawk WC,
Hawk WC Ltd.,
Hawk Wrestling Club,
Hawk Wrestling Club Ltd.,
Hazel Crest,
Hazel Crest JR Hawks,
Hazel Crest Park District Thunder WC,
Headlock Wrestling Academy,
Hecox Team Benaiah,
Herrin Jr WC,
Herrin Junior WC,
Herrin Tiger Wrestling,
Herrin WC,
Hf Elite WC,
Hf Spartan Elite WC,
Hickory Hills,
Hickory Hills P.D.,
Hickory Hills Park District,
Hickory Hills Pd,
Highland Bulldog Jr,
Highland Bulldog Jr WC,
Highland Bulldog Jr. WC,
Highland Bulldogs,
Highland Bulldogs Jr. WC,
Highland Junior Bulldogs,
Highland Park,
Highland Park Little Giants,
Hill Trailblazers,
Hillsboro Jr Toppers,
Hillsboro Jr Toppers WC,
Hillsboro Jr Toppers Wrestling Club,
Hillsboro Jr. Toppers,
Hilltoppers WC,
Hinsdale,
Hinsdale Falcon WC,
Hinsdale Falcons,
Hinsdale Red Devil WC,
Hinsdale Red Devils,
Hinsdale Red Devils WC,
Hinsdale WC,
Hoffman Estates WC,
Holy Family School,
Homewood-Flossmoor Cats,
Hononegah Kids WC,
Hononegah WC,
Hononegah Wrestling Club,
Hoop.-E. Lynn J.H,
Hoopeston,
Hoopeston Area WC,
Hoopeston Area Wrestling Club,
Hoopeston Area Youth Wrestling,
Hoopeston E. Lynn Jr. High,
Hoopeston East Lynn,
Hoopeston East Lynn Jr. High,
Hoopeston Intermediate Wrestling,
Hoopeston Youth Wrestling,
Hoopeston-East Lynn,
Hoopeston-East Lynn Jr. H.,
Hoopston Area WC,
Hpl Wrestling,
Hrvy. Twisters,
Huntley Jr. Red Raiders,
Huntley Jr. Red Raiders WC,
Hurricanes,
Huskies WC,
Huth,
IRISH CADET WC,
Iguana WC,
Iguana Wrestling Club,
Illini Bluffs Kids WC,
Illini Bluffs Kids Wrestling Club,
Illini Bluffs W.C.,
Illini Bluffs WC,
Illini WC,
Illinois Valley Elite WC,
Illinois Valley Elite Wrestling,
Illinois Valley WC,
Impact WC,
Impact Wrestling,
Ind. Prairie Pioneers,
Indian Prairie,
Indian Prairie Pioneers,
Indian Prairie T'Blazers,
Indian Prairie Trailblaze,
Indian Prairie Trailblazers,
Indian Trail JHS,
Indian Trail Wild Cats,
Indian Trail Wildcats,
Indian Trail-Plainfield,
Indians Elite,
Irish WC,
Iron Man,
Isi WC,
Izzy Style School Of Wrestling,
Izzy Style Wrestling,
J-Hawk WC,
J.R. Warrior WC,
JOLET,
JOLIET COBRAS,
JORDAN,
JORDAN SEATON,
JORDAN SETAN WC,
JORDAN WRESTLING,
JR BEARS WC,
JR. COUGARS,
JR. MUSTANGS,
JR. ROCKETS,
JR. SENTINELS WC,
JR. VIKINGS,
JUNIOR ROCKS WRESTLI,
Jacksonville Area Wrestling,
Jacksonville Area Youth Wrestling,
Jacksonville WC,
Jacobs Falcons,
Jefferson,
Jefferson Wolverines,
Jersey Junior Panthers WC,
Jersey Junior Panthers Wrestling,
Jjk Wrestling,
Joleit Boys Club,
Joliet Area WC,
Joliet Boy'S Club,
Joliet Boy's Club Cobras,
Joliet Boys Club,
Joliet Boys Club Cobras,
Joliet Junior Steelmen,
Joliet Park District,
Joliet Washington,
Joliet YMCA Wrest,
Joliet YMCA Wrest.,
Joliet Ymca,
Jordan Seton,
Jordan WC,
Jr Golden Eagles,
Jr Maroon WC,
Jr Maroons WC,
Jr Rocket Wrestling,
Jr Sentinels,
Jr. Bears,
Jr. Bison WC,
Jr. Bison WC (2),
Jr. Bison WCA,
Jr. Blazer WC,
Jr. Cougar WC,
Jr. Cougars WC,
Jr. Falcon Wrestling,
Jr. Golden Eagles,
Jr. Maroon WC,
Jr. Panthers Wrestling,
Jr. Rocket,
Jr. Rocket WC,
Jr. Rocket Wrestling,
Jr. Saxons WC,
Jr. Sentinels,
Junior Bronco WC,
Junior Bulldog WC,
Junior Bulldogs,
Junior Comanche WC,
Junior Cougar WC,
Junior Cougar Wrestling Club,
Junior Cougars,
Junior Cougars WC,
Junior Cyclones WC,
Junior Dukes WC,
Junior Eagles WC,
Junior Gators WC,
Junior Kahoks,
Junior Kahoks WC,
Junior Maroon WC,
Junior Patriots,
Junior Patriots WC,
Junior Patriots Wrestling Club,
Junior Pioneer WC,
Junior Pioneer Wrestling Club,
Junior Pirate WC,
Junior Pirates,
Junior Porters WC,
Junior Raiders West WC,
Junior Rams WC,
Junior Spartans WC,
Junior Titan Wrestling,
Junior Titans Wrestling,
Junior Vikings,
Junk Yard Dogs,
Just Wrestling,
KELLER JR COUGARS,
KNIGHT WC,
Kane County Grapplers,
Kaneland Knights WC,
Kaneland Knights Wrestling Club,
King Select Wrestling,
Kishwaukee WC,
Knights,
Knights WC,
Knights Wrestling,
Knights Wrestling lub,
Knox County Krushers,
L-P Crunching Cavs,
LAKE VIEW JR WILDCAT,
LITCHFIELD,
LITTLE DEVILS BELLEVILLE,
LITTLE INDIANS WC,
LITTLE KNIGHTS,
LITTLE PANTHERS WC,
LITTLE REDSKIN WC,
LOCKPORT GATORS,
LOCKPORT GRAPLERS,
LaGrange Lions,
Lake County Stallions Wrestling Academy,
Lake View Jr Wildcats,
Lake Villa Lancers,
Lake Zurich Cubs WC,
Lakeland Predators,
Lakeland Predators WC,
Lan-Oak P.D. Little Rebels,
Lan-Oak P.D. Wrest.,
Lan-Oak PD West,
Lan-Oak Park District,
Lan-Oak Pd,
Lancer WC,
Lancer Wrestling Club,
Lancers,
Lancers W.C.,
Lanphier Southeast,
Lanphier-Southeast W.C.,
Lanphier-Southeast WC,
Lanphier-Spgfld.,
Lanphier-Springfield,
Lanphier-Springfield WC,
Larkin Jr. Royals WC,
Lasalle Peru Crunching Cavs Youth WC,
Lasalle-Peru,
Lawrence County Knights WC,
Lawrence County WC,
Lawrence County Wrestling Club,
Lemont,
Lemont Bears,
Lemont Bears WC,
Lemont W.C.,
Lemont WC,
Leroy Wrestling Kids Club,
Libertyville WC,
Libertyville Wildcats,
Libertyville Wildcats WC,
Lil Bucs WC,
Lil Bucs Wrestling Club,
Lil Devils Belvil.,
Lil Reaper,
Lil Reaper WC,
Lil Reaper Wrestling,
Lil Storm Youth,
Lil' Reaper WC,
Lil' Roughnecks,
Lil' Storm Youth WC,
Lil' Storm Youth Wrestling,
Lil` Coalers WC,
Lil` Storm,
Lil` Storm WC,
Limestone Blue Crew,
Limestone Blue Crew WC,
Limestone Blue Crew Wrestling,
Limestone Crushers WC,
Limestone WC,
Limestone Youth Rock,
Limestone Youth Rocket WC,
Limestone Youth WC,
Lincoln WC,
Lincoln Way WC,
Lincoln Way Wrestling Club,
Lincoln Youth WC,
Lincoln Youth Wrestling Club,
Lincoln-Way Vittum Cats,
Lincoln-Way WC,
Lion`S Den Wrestling Academy,
Lionheart Intense WC,
Lionheart Intense Wrestling,
Lions,
Lions W.C.,
Lions WC,
Lions WC (LaGrange),
Lions Wrestling Club,
Lisle,
Lisle WC,
Litchfield Kids WC,
Litchfield Kids Wrestling,
Litchfield WC,
Litchfield Wrestling Club,
Little Boiler WC,
Little Boilers WC,
Little Boilers Wrestling Club,
Little Celtic WC,
Little Celtics,
Little Celtics WC,
Little Cyclone WC,
Little Devils,
Little Falcons WC,
Little Giants,
Little Giants WC,
Little Huskie WC,
Little Huskies WC,
Little Huskies Wrestling Club,
Little Indians,
Little Rams Wrestling,
Little Redbird WC,
Little Redbirds WC,
Little Redbrids,
Little Redskins WC,
Little Redskins Wrestling Club,
Little Rockets,
Little Tigers WC,
Little Viking WC Of H-F,
Little Vikings Of H-F,
Lockport,
Lockport Gators WC,
Lockport Grap.,
Lockport Grapplers,
Lockport Grapplers WC,
Lockport Grapplers Wrestling,
Lockport Jr Porters,
Lockport Jr Porters WC,
Lockport Junior Porters WC,
Los Guerreros WC,
Lp Crunching Cavs,
Lyons,
M-S Kids Club,
MACOMB KIDS,
MAIN TWP EAGLES,
MAINE TOWNSHIP EAGLES,
MANTENO JR PANTHERS (2),
MASON SCHOOL PLAYGROUND,
MEAD JR HIGH WC,
METAMORA KIDS,
MONTEGO MATMEN (2),
MONTICELLO YOUTH WRESTLING CLUB,
MORRISON,
MT. PULASKI,
MT. PULASKI WC,
MT. VERNON,
MURPHY JR. HIGH,
MURPHYSBORO,
Machesney Park Indp.,
Macomb Bomber Wrestling,
Macomb Bombers WC,
Macomb Kids Wrestlin,
Macomb Little Bombers,
Macomb Little Bombers Wrestling,
Macomb YMCA Kids Wrestling,
Mad Dog Wrestling Academy,
Maddog Wrestling Academy,
Maddog Wrestling Club,
Mahomet Seymour Youth WC,
Mahomet-Seymour Youth WC,
Maine Eagles,
Maine Eagles The Elite WC,
Maine Eagles WC,
Maine Twp. Eagles,
Manteno Jr Panthers,
Manteno Jr Panthers WC,
Manteno Jr. Panthers,
Marengo Indians Youth WC,
Marengo Indians Youth Wrestling,
Marengo Shooters WC,
Marengo WC,
Marengo Youth WC,
Marengo Youth Wrestling,
Marion,
Marion WC,
Marion Youth Wrestling,
Marquardt Middle Jr. High,
Marquart,
Marshall Red Rush Wrestling,
Martinez Fox Valley,
Martinez Fox Valley Elite,
Martinez Fox Valley Elite WC,
Mascoutah JHS,
Mat Burns,
Mat Rat WC,
Matburns,
Matburns W.C.,
Matburns WC,
Matburns Wrestlling Club,
Mattoon,
Mattoon W.C,
Mattoon W.C.,
Mattoon WC,
Mattoon Youth WC,
Maywood Bucs,
Maywood Bucs/Powerhouse,
Mc Bulldog WC,
Mc Bulldog Wrestling Club,
Mc Bulldogs,
Mchenry WC,
Mclean County WC,
Mead,
Mead Hr. WC,
Mead JH School,
Mead Jr. High,
Mead Jr. WC,
Mead W.C.,
Meade Jr. WC,
Mean Green Machine,
Medalist WC,
Medinah Lancer WC,
Medinah Lancers WC,
Mendota Mat Masters,
Mendota WC,
Meridian Hawks Youth WC,
Metamora,
Metamora Kids WC,
Metamora Kids Wrestling Club,
Metro Stallions,
Mid-Markham Apaches,
Midlothian PD Braves,
Midlothian Saints,
Midwest Central Y.,
Midwest Central Yout,
Midwest Central Youth,
Midwest Central Youth WC,
Minooka Indians Elite,
Minooka Indians Elite Wrestling,
Minooka Little Indians,
Moine Wildcats,
Mokena,
Mokena WC,
Moline Booster,
Moline Spartans,
Moline Tigers,
Moline WC,
Moline Wildcats,
Moline Wrestling Club,
Montego Matmen,
Monticello Kids WC,
Monticello Youth WC,
Morris,
Morris WC,
Morrison Stallion,
Morrison Stallions WC,
Morton,
Morton Little Mustangs,
Morton Little Mustangs WC,
Morton Youth,
Morton Youth W.C.,
Morton Youth WC,
Morton Youth Wrestli,
Morton Youth Wrestling,
Morton Youth Wrestling Club,
Ms Youth WC,
Mt Vernon Lions,
Mt Vernon Lions WC,
Mt Zion WC,
Mt. Greenwood,
Mt. Olive Cats Kids Wrestling,
Mt. Vernon Lions,
Mt. Vernon Lions WC,
Mt. Vernon Lions Wrestling,
Mt. Vernon Lions Wrestling Club,
Mt. Zion,
Mt. Zion Kids WC,
Mt. Zion WC,
Mundelein,
Mundelein WC,
Murphysboro Blue Dev,
Murphysboro Jhs,
Murphysboro Jr. High,
Murphysboro Ms,
Murphysboro WC,
Murphysboro Wrestlin,
Murphysboro Wrestling,
Murphysboro Wrestling Club,
Mustang WC,
Mustang/Skt WC,
Mustangs,
Mustangs W.C.,
Mustangs WC,
N.Y.A Jr. Rebels WC,
NAPERVILE PATRIOTS,
NAPERVILLE LANCERS,
NAPERVILLE LANCERS (2),
NEWMAN BLUE DEVILS,
Naperville,
Naperville Eagles,
Naperville Hammer Huskies,
Naperville Huskie WC,
Naperville Husky WC,
Naperville Lincoln,
Naperville Patriots,
Naperville Patriots WC,
Naperville Patriots Wrestling,
Naperville WC,
Naperville Warhawks,
Naperville Warriors,
Naperville Wrestlers,
Naperville Wrestling Club,
New Berlin WC,
New Lenox,
New Lenox Lions,
New Lenox Oakview,
Newman Middle School,
Niles WC,
Niles West Jr Wolves Wrestling,
Nomad Wrestling Academy,
North Boone WC,
North Shore Edge,
Northbrook,
Northfield,
Northshore Gators,
Northwood Warhawks WC,
Notre Dame,
Notre Dame WC,
Notre Dame Wrestling,
Nwo WC,
O'Fallion Little Panthers,
O'Fallon Little Panthers,
OAK FOREST WARBIORS,
OAK LAWN P.D. WILDCA,
OLSON JR. HIGH,
OPRF Warhawks JR WC,
O`Fallon Little Panthers,
O`Fallon Little Panthers WC,
O`Fallon Little Panthers Wrestling Club,
Oak Forest,
Oak Forest P. D. Warriors Wrestling,
Oak Forest Park District Warriors,
Oak Forest Warrio,
Oak Forest Warriors,
Oak Forest Warriors WC,
Oak Lawn,
Oak Lawn P.D. Wildcats,
Oak Lawn Park District Wildcats,
Oak Lawn Pd,
Oak Lawn Pd Wildcats,
Oak Lawn Spartan Youth WC Nfp,
Oak Lawn Wildcats,
Oak Park,
Oak Park River Fore,
Oak Park River Forest WC,
Oak Park River Forest Warhawks,
Oak Park-River Forest,
Oak Park-River Forest WC,
Oakwood WC,
Oakwood Youth WC,
Oakwood Youth Wrestling Club,
Oilers Wrestling,
Olney Cubs WC,
Oly WC,
Olympia WC,
Oprf Little Huskie WC,
Oprf Warhawks,
Orangeville Broncos,
Orland Park,
Orland Park Pionee,
Orland Park Pioneers,
Orland Park Pioneers WC,
Oswego Cougars,
Oswego East Junior Wolves,
Oswego East Team No Ego,
Oswego Panters,
Oswego Panthers,
Oswego WC,
Ottawa Crushers Kids WC,
Ottawa Crushers Kids Wrestling Club,
Ottawa Kids WC,
Ottawa Wolfpack WC,
Outlaws WC,
Overtime School Of Wrestling,
P3 Warrior Wrestling Academy,
PALATINE CHARGERS,
PANTHER CUB,
PANTHER WRESTLING,
PANTHER/REDHAWK WC,
PANTHERS,
PEKIN BOY AND GIRLS CLUB,
PEORIA RAZORBACKS YOUTH,
PLAINFIELD I.T.,
PLANIFIELD HUSKIES W,
PLT Prophets,
PONTIAC,
PR,
Palatine Cobras WC,
Palatine Cobras Wrestling Club,
Palatine Junior Pirates,
Palatine PD Sundling,
Palatine Panthers,
Palatine Panthers WC,
Palos,
Palos South,
Panther Cub WC,
Panther Cub Wrestling Club,
Panther Kids,
Panther Oswego,
Panther Paw WC,
Panther Powerhouse WC,
Panther Powerhouse Wrestling,
Panther W.C.,
Panther WC,
Panther Wrestling Club,
Panther Youth WC,
Panthers WC,
Park Ridge,
Parkview,
Patriot Grappling Systems,
Patriots WC,
Paxton Youth WC,
Paxton Youth Wrestling Club,
Pekin,
Pekin Boy's Club,
Pekin Boys & Girls Club,
Pekin Boys And Girls Club,
Pekin Boys Club,
Peoria Heights Minutemen,
Peoria Heights Minutemen Jr Wrestling,
Peoria Heights Minutemen WC,
Peoria Razorbacks,
Peoria Razorbacks WC,
Peoria Razorbacks Wrestling Club,
Peoria Razorbacks Youth WC,
Peoria Wizards WC,
Peotone Little Devils WC,
Peotone PD,
Peotone Park Dist.,
Petersburg WC,
Pinckneyville Jr,
Pinckneyville WC,
Pirates,
Pitbull Wrestling Alliance,
Plainfield,
Plainfield Indian,
Plainfield Indian Tr,
Plainfield Indian Tr. Wrest.,
Plainfield Indian Tra,
Plainfield Indian Trail,
Plainfield Indian Trail Wrest.,
Plainfield Indian Trail Wrestling,
Plainfield It,
Plainfield Tornadoes WC,
Plainfield WC,
Plainfield Wolves WC,
Plano,
Plt Prophets WC,
Polo WC,
Pontiac Pythons,
Pontiac WC,
Pontiac Wrestling Club,
Pony Express WC,
Power House WC,
Powerhouse WC,
Prairie Central Hawks,
Prairie Central Hawks WC,
Prairie Central Youth Wrestling,
Prairie Central-Chenoa Hawks,
Proviso Power House WC,
Proviso Powerhouse,
Proviso Powerhouse WC,
Proviso Township Gladiators WC,
Psf Wrestling Academy,
Push Wrestling,
QUINCY,
Quincy Cyclones WC,
Quincy Cyclones Wrestling,
Quincy Little Raiders WC,
Quincy WC,
RAIDERS,
RAMS,
RICHMOND WC (2),
RIVERDALE JH WC,
ROBBINS,
ROUND LAKE SPARTAN WC,
Raider WC,
Ram WC,
Rambler / Next Level WC,
Rambler WC,
Rams WC,
Rams Wrestling Club,
Rantoul Junior Eagles,
Rantoul Junior Wrestling,
Rantoul Youth Wrestling,
Rc Jr. Panthers Wrestling Club,
Rd. Lk. Spartans,
Rebels WC,
Red Raiders,
Red Raiders Wrestling Team,
Redbird,
Redbird W.C.,
Redbird WC,
Redbirds,
Redhawk WC,
Redhawk Wc/Panther WC,
Redhawk Wrestling Club,
Reed Custer Jr. Panthers WC,
Reed Custer Knights,
Reed Custer Knights WC,
Renegade WC (Nfp),
Renegade Wrestling Club (Nfp),
Renegades,
Renegades (Stockton),
Renegades Elite,
Respect Wrestling,
Rich Rattlers Wrestling Club,rich-rattlers
Rich Township,
Rich Wrestling,
Rich Wrestling Ltd,
Rich Wrestling Ltd.,
Richmond WC,
Richmond Wrestling Club,
Riot Room Wrestling,
River Bend WC,
River Bend Wrestling Club,
Riverbend WC,
Riverbend/Fulton WC,
Riverdale (Rams) Jr. High,
Riverdale Elite,
Riverdale Jr High,
Riverdale Jr Rams WC,
Riverdale Jr. High,
Riverdale Jr. High WC,
Riverdale Jr. Rams WC,
Riverdale Rams,
Riverdale WC,
Riverton Hawks Wrestling,
Riverton Youth Wrestling,
Riverton-Williamsville Youth Wrestling,
Riverton/Williamsville Youth Wrestling,
Road Warriors,
Road Warriors WC,
Robbins Park District Jayhawks,
Rochelle,
Rochelle WC,
Rochelle Wrestling Club,
Rochester WC,
Rock Falls,
Rock Falls Junior Rocket Wrestling,
Rock Falls Rippin,
Rock Island,
Rock Island 1,
Rock Island Edison,
Rock Island Jr. Rocks,
Rock Island WC,
Rock Island Wrestling Club,
Rock Ridge,
Rock Ridge WC,
Rocket Fuel WC,
Rocket Fuel Wc-Rock Ridge,
Rocket Fuel Wrestling Club,
Rockets WC,
Rockets Youth WC,
Rockford,
Rockford WC,
Rockford Wrestling Club,
Rockridge Jhs,
Rockridge Jr. High,
Rockridge Rocket Fuel WC,
Rockridge WC,
Rogue Wrestling,
Romeoville WC,
Romeoville Westview,
Romeoville Youth WC,
Rosemont,
Rosemont Cobra,
Rosemont Cobras,
Rosemont Cobras WC,
Roughnecks WC,
Round Lake,
Round Lake Area P.D.,
Round Lake Area Pd,
Round Lake Bad Boyz,
Round Lake Jr. Panthers WC,
Round Lake PD Spartans,
Round Lake Spartans,
Round Lake Titans,
Roxana,
Roxana Jr. High Vikings,
Roxana Kids WC,
Roxana Kids Wresting Club,
Roxana Kids Wrestling Club,
Roxana Outlaws,
Roxana P.D. Roughnecks,
Roxana PD Roughnecks,
Roxana Roughnecks,
Roxana Vikings,
Roxana WC,
Roxanna W.C.,
Rtc Wrestling,
Rwc,
SHELBYVILLE JUNIOR R,
SHERRARD WC,
SHO YOUTH WRESTLING,
SOUTHERN ILLINOIS EA,
ST. BARNABAS CHRIST THE KING,
ST. BARNABAS/CHRIST KING,
ST. CHARLES SAINTS,
ST. CHARLES WC DIST 303,
ST. TAR'S RAIDERS,
ST. TARDISSUS RAIDERS,
STC WC II,
Saber WC,
Saber Wrestling Club,
Salem WC,
Sandwich,
Sandwich WC,
Sauk Valley Wrestling Club,sauk-valley
Saukee Youth WC,
Saukee Youth Wrestling Club,
Savanna,
Savanna R.hawk,
Savanna Redhawks,
Schaumburg Jr. Saxons,
Scn Youth WC,
Scn Youth Wrestling Club,
Scorpion WC,
Scorpion Wrestling Club,
Seneca Irish Cadets,
Seneca Irish Cadets WC,
Shadow Wolves Wrestling,
Shamrock WC,
Shamrock Wrestling Club,
Sharks WC,
Sharks Wrestling Club,
Shelbyville Jr Rams,
Shelbyville Jr Rams Wrestling,
Shelbyville Jr. Rams WC,
Shelbyville Jr. Wrestling Rams,
Shelbyville Junior Wrestling Rams,
Shepard Wrestling,
Sherman-Williamsville WC,
Sherrand Jr WC,
Sherrard Jr WC,
Sherrard Jr. Tigers WC,
Sherrard Jr. WC,
Shooters Elite WC,
Shorewood Troy,
Silver & Black Attack,
Siwa,
Sjo Spartan WC,
Sjo Spartan Youth WC,
Sjo Spartan Ywc,
Sjo Spartans Youth WC,
Sjo Spratan Youth,
Sjo Youth WC,
Sjo Youth Wrestling,
Soldier Wrestling Allstar Training,
Somonauk WC,
Somonauk Wrestlers Club,
Sons Of Thunder,
Sot-C,
Southern Il Eagles,
Southern Illinois Bulldogs WC,
Southern Illinois Eagles,
Southern Illinois United Thunder Cats,
Southern Illinois United Thundercats,
Southern Kings,
Southside Comets,
Southside Outlaws WC,
Southside Stallions,
Southside Stallions School Of Wrestling,
Southside WC,
Sparta Junior Bulldogs,
Sparta Junior Bulldogs WC,
Spartan Elite WC,
Spartan WC,
Spartans WC,
Spider WC,
Springfield Capital Kids WC,
Springfield Capital Kids Wrestling,
Springfield Capitals,
Springfield Capitals Kids WC,
Springfield Captials,
Springs Elite,
Springs Elite WC,
St Bar/Christ King,
St Bede WC,
St. Barnabas,
St. Barnabas/CTK,
St. Barnabas/Christ The King,
St. Bede'S,
St. Charles,
St. Charles East WC,
St. Charles J.H.,
St. Charles JH WC,
St. Charles WC,
St. Joseph Odgen Youth Wrestling Club,
St. Joseph Ogden Youth WC,
St. Philip Neri,
St. Tarcissus,
St. Tarcissus Raiders,
St. Tarcissus Raiders WC,
St. Tarcissus WC,
St. Tarcissus Wrestling Club,
St. Thecia,
St.Bar/Christ King,
Stallions Wrestling Academy,
Stampede WC,
Stateline Stingers WC,
Stateline Wildcats,
Sterling Challand,
Sterling Newman Junior Comets,sterling-newman
Sterling Redbirds,
Sterling Warriors,
Stickers,
Stillman Valley,
Stillman Valley WC,
Stillman Valley Wrestling Club,
Stingers WC,
Stockton Renegades,
Stockton Renegades WC,
Storm Youth WC,
Storm Youth Wrestling Club,
Streator Bulldog WC,
Streator Junior Bulldogs,
Streator WC,
Sudden Victory Athletic Center,
Super Soldiers WC,
Suplex WC,
Sycamore,
Sycamore WC,
Sycamore Wrestling Club,
T-Bird Raider Wrestling,
T-Bird/Raider Wrestling,
TEAM 1,
TIGERTOWN,
TITAN WC,
TRAILBLAZER WC,
TRAILBLAZERS WC,
TREVIAN,
TRIAD KNIGHTS WRESTLING CLUB,
TRICITY BRAVES,
Takedown WC,
Taylorville,
Taylorville WC,
Taylorville Wrestling Club,
Tazewell County Kidz WC,
Team 1006,
Team 1006 Wrestling,
Team 312,
Team 312 WC,
Team 360 Gatorstyle Wrestling,
Team C Squared,
Team Cuff Wrestling Tigers,
Team El1Te Wrestling,
Team Mascoutah,
Team Mascoutah WC,
Team Mascoutah Wrestling,
Team No Ego WC,
Team One,
Team Piasa WC,
Team Poeta,
Team Topnotch Wrestling,
Team West Wolves,
Team Xpress,
The Island City Misfits Elite Wrestling,
The Law,
The Law WC,
The Wrestling Factory,
The Zoo WC,
Thomas Jefferson JHS,
Thornwood Kids,
Thornwood Kids WC,
Thunder WC,
Thundercat Wrestling,
Thundercat Wrestling Club,
Thundercats,
Tiger Elite Wrestling Inc,
Tiger Elite Wrestling Inc.,
Tiger Town Tanglers WC,
Tiger Town Tanglers Wrestling Club,
Tiger WC,
Tiger Wrestling Club,
Tigertown Tanglers,
Timber Wolves WC,
Timberwolves WC,
Tinley Park,
Tinley Park Bulldogs,
Tinley Park Bulldogs WC,
Tinley Park Bulldogs Wrestling Club,
Titan 2028 WC,
Titan Youth Wrestling,
Tj Trained,
Tj Trained Wrestling,
Tj Trained-Canton,
Tj Trained-Decatur,
Tj Trained-Springfield,
Tj Trained-Springfield Wrestling,
Tomcat,
Tomcat W.C.,
Tomcat WC,
Tomcats,
Tomcats WC,
Tony Capriola Sr. WC,
Top Dog WC,
Toss Em Up Wrestling Academy,
Trailblazers,
Trevian WC,
Tri-City Braves,
Tri-Valley WC,
Triad Knights,
Triad Knights WC,
Triad Little Knights,
Triad Little Knights WC,
Triad Little Knights Wrestling Club,
Tribe WC,
Trico WC,
Trimpe Junior High,
Triple D WC,
Triumph `The Art Of Wrestling`,
Turk WC,
Twin City WC,
URBANA KIDS,
UTCHFIELD,
United Southern Allstars,
United Township WC,
Unity WC,
Unity Wrestling Club,
Unity Youth,
Unity Youth W.C.,
Unity Youth WC,
Unity Youth Wrestling Club,
Up Town WC,
Urbana Kids Club,
Urbana Kids WC,
Urbana Tigers WC,
VANDALIA,
Vandal Kings,
Vandalia Jr Vandals,
Vandalia Jr WC,
Vandalia Jr Wrestlin,
Vandalia Jr Wrestling,
Vandalia Jr Wrestling Club,
Vandalia Jr. WC,
Vandalia Jr. Wreslting,
Vandalia Kings,
Vermilion Valley Elite,
Victory Elite Wrestling,
Viking Gold WC,
Villa Lombard,
Villa Lombard Couga,
Villa Lombard Cougar,
Villa Lombard Cougars,
Villa Lombard Cougars WC,
Villa Lombard WC,
Villa Park Young,
Villa Park Young Warriors,
Villa Park Young Warriors WC,
Villa-Lombard,
Villa-Lombard Cougars,
Vittum Cats,
Vittum Cats Of Skt,
Vittum Cats WC,
Vittum Cats Wrestling Club,
Vittum Vikings,
Vortex WC,
W.F. THUNDERBIRD,
W.F. THUNDERBIRDS,
WARHAWKS WC,
WASHINGTON JR PANT,
WAUBONSIE BULLDOGS,
WAUBONSIE TRAILBLAZE,
WAUKEGAN PD HAWKEYE,
WAUKEGAN PD HAWKEYE WC,
WAUONSIE GRIZZLIES,
WEST CHICAGO SPIDER WC,
WESTVILLE,
WHEATON BULLDOGS (2),
WHEATON WC (2),
WSH,
Walter Sundling,
Warhawk W.C. Woodstock,
Warhawk WC,
Warhawks,
Warren County Brawlers,
Warren County WC,
Warrensburg WC,
Warrensburg-Latham Jr Cardinals WC,
Warrensburg-Latham Jr. Cardinals WC,
Warrior Monks,
Warrior W.C.,
Warrior WC,
Warrior WC Niles,
Warrior Wrestling,
Warriors Wrestling Academy,
Washington Jr Panthe,
Washington Jr Panthers,
Washington Jr. Panthers,
Waterloo Bulldog Wrestling,
Waubonsie Braves,
Waubonsie WC,
Waubonsie Wrestling Club,
Waukegan,
Waukegan Takedown,
Waukegan Youth WC,
Waukegan Youth Wrestling Club,
West Carroll WC,
West Carroll Wrestling Club,
West Chicago,
West Chicago Junior Wildcats,
West Chicago Pd,
West Chicago Wildcats,
West Chicago Wildcats PD,
West Frankfort Jr WC,
West Frankfort Jr Wrestling,
West Frankfort Jr. Redbirds,
West Frankfort Jr. Redbirds WC,
West Frankfort Jr. WC,
West Frankfort WC,
West Hancock Titan WC,
West Hancock WC,
West Leyden,
West Suburban Girls Wrestling Club,wsgw
Western Illinois All-Stars,
Westville Jhs,
Westville Jr. High,
Westville WC,
Westville Youth,
Westville Youth WC,
Westville Youth Wrestling,
Wheaton,
Wheaton Bulldogs,
Wheaton Falcons,
Wheaton Franklin,
Wheaton Franklin WC,
Wheaton Monroe Eagle,
Wheaton Monroe Eagles,
Wheaton P.D. Falcons,
Wheaton PD Falcons,
Wheaton Tiger WC,
Wheaton Tigers,
Wheaton Tigers WC,
Wheaton WC,
Wheaton Warrenville,
Wheaton Warrenville Tiger WC,
Wheaton-Warrenville,
Wheaton-Warrenville Wrestling,
Wheeling Wildcat WC,
Whips WC,
Wilbur Trimpe JHS,
Wilbur Trimpe Jr. High,
Wildcats Wrestling Academy,
Will County Warriors,
Will County Warriors WC,
Williamsville WC,
Wilmette,
Wilmington WC,
Windy City Wrestling Of Notre Dame,
Wolfpak WC,
Wolves WC,
Wolves WC Inc,
Wolves WC Inc.,
Wolves Wrestling Club Inc.,
Wood River Marooners,
Woodstock Cardinal Wrestling,
Woodstock Cardinals,
Woodstock Cyclones,
Woodstock Cyclones WC,
Wrestling 365,
Wrestling Factory,
Wrestling Inc,
Wrestling Wolverines,
Ww Tiger WC,
Ww Tigers WC,
Xtreme WC,
Xtreme Wrestling,
Xtreme Wrestling Club,
YMCA Bandits,
YMCA Bandits Wrestling,
YMCA Jr. Fayette,
Yorkville,
Yorkville WC,
Yorkville Wrestling Club,
Young Champions,
Young Guns,
Young Guns Wrestling,
Young Warrior Wrestling Academy,
Youth Razorbacks,
Z`S Team Pena,
Zee Bee Stingers,
Zee-Bee Stingers,
Zee-Bee Stingers WC,
Zee-Bee Stingers Wrestling Club,
Zero Fox Wrestling,
avanna,
